"source_path","title","knowledge_action","knowledge_target","knowledge_type","knowledge_roles","provider_scope","canonical_source","current_status","requires_manual_review","reason","content_hash","reviewed_at"
"docs/01_理解/01_システム概要.md","システム概要","promote","spec:system-and-features","spec","chat,worker,coder","any","docs/01_理解/01_システム概要.md","current","yes","現行の利用者向け仕様へ再構成する主要情報源","1ba055915288ed9ce824f61d59ccb5cb2f686e4fceadbc4005e016caae2501e3","2026-07-15"
"docs/01_理解/02_キャラクター・エージェント仕様.md","キャラクター・エージェント仕様（最小統合版）","promote","spec:system-and-features","spec","chat,worker,coder","any","docs/01_理解/02_キャラクター・エージェント仕様.md","current","yes","現行の利用者向け仕様へ再構成する主要情報源","ad3f82db19ef0392627f579cfc84791b60824d6f74ef42bb90b074404e119ead","2026-07-15"
"docs/02_正本仕様/01_仕様.md","RenCrow 現行仕様","promote","spec:system-and-features","spec","chat,worker,coder","any","docs/02_正本仕様/01_仕様.md","current","yes","現行の利用者向け仕様へ再構成する主要情報源","3a8ddf6501fefa84253eddf02910fe04e2a50352d6b6795c1e5eb7e3f7dd9be3","2026-07-15"
"docs/02_正本仕様/01_仕様/01_全体構成・役割.md","現行仕様: 全体構成・役割","promote","spec:system-and-features","spec","chat,worker,coder","any","docs/02_正本仕様/01_仕様/01_全体構成・役割.md","current","yes","現行の利用者向け仕様へ再構成する主要情報源","7db5c09f0473f83268ce7a73fb7c95fb7dda2d9e692be33ad00adc8200ebb6ea","2026-07-15"
"docs/02_正本仕様/01_仕様/02_ルーティング・出力契約.md","現行仕様: ルーティング・出力契約","promote","spec:system-and-features","spec","chat,worker,coder","any","docs/02_正本仕様/01_仕様/02_ルーティング・出力契約.md","current","yes","現行の利用者向け仕様へ再構成する主要情報源","7dde14ac9d3a26ebc1f518e1d6ec3927006167ad16873705f2b23ebb96f66d34","2026-07-15"
"docs/02_正本仕様/01_仕様/03_表示・安全・状態管理.md","現行仕様: 表示・安全・状態管理","promote","spec:system-and-features","spec","chat,worker,coder","any","docs/02_正本仕様/01_仕様/03_表示・安全・状態管理.md","current","yes","現行の利用者向け仕様へ再構成する主要情報源","666ee3aa9c9bfa7c746ddf69c5e95844a0397f718f1da8e0b4251dd87fb332f1","2026-07-15"
"docs/02_正本仕様/01_仕様/04_LLM運用・拡張性.md","現行仕様: LLM運用・拡張性","promote","spec:system-and-features","spec","chat,worker,coder","any","docs/02_正本仕様/01_仕様/04_LLM運用・拡張性.md","current","yes","現行の利用者向け仕様へ再構成する主要情報源","d89960aa1efab109cbbaa575748232eb2249aefb0807e6550067d27e5b325e25","2026-07-15"
"docs/02_正本仕様/02_実装仕様.md","RenCrow 統合実装仕様","distill","candidate:implementation-invariants","spec","worker,coder","local_only","docs/02_正本仕様/02_実装仕様.md","mixed","yes","Mainから外し、不変条件と責務境界だけを再検証して蒸留する","d5ef0d7388d089611e40680dde3fc4c8197231f7f760cd67f4ac0dfcc3afb0e1","2026-07-15"
"docs/02_正本仕様/02_実装仕様/01_エージェント・責務境界.md","統合実装仕様: エージェント・責務境界","distill","candidate:implementation-invariants","spec","worker,coder","local_only","docs/02_正本仕様/02_実装仕様/01_エージェント・責務境界.md","mixed","yes","Mainから外し、不変条件と責務境界だけを再検証して蒸留する","2e23cf8a997dee6d8e9ac80510d6dc886a15870fc097c6ad01e5a4e1061c2086","2026-07-15"
"docs/02_正本仕様/02_実装仕様/02_ルーティング・ループ制御.md","統合実装仕様: ルーティング・ループ制御","distill","candidate:implementation-invariants","spec","worker,coder","local_only","docs/02_正本仕様/02_実装仕様/02_ルーティング・ループ制御.md","mixed","yes","Mainから外し、不変条件と責務境界だけを再検証して蒸留する","e043641652afd3a1a7166bbcdc7ef8a432471039f0c6bd235cee4dca5e3624c7","2026-07-15"
"docs/02_正本仕様/02_実装仕様/03_IO・Worker契約.md","統合実装仕様: I/O・Worker契約","distill","candidate:implementation-invariants","spec","worker,coder","local_only","docs/02_正本仕様/02_実装仕様/03_IO・Worker契約.md","mixed","yes","Mainから外し、不変条件と責務境界だけを再検証して蒸留する","33a5aa8f870b6a4ddb91e87b819491551427e1c33136fa4f9c12259807be546d","2026-07-15"
"docs/02_正本仕様/02_実装仕様/04_安全・ログ・Prompt・状態管理.md","統合実装仕様: 安全・ログ・Prompt・状態管理","distill","candidate:implementation-invariants","spec","worker,coder","local_only","docs/02_正本仕様/02_実装仕様/04_安全・ログ・Prompt・状態管理.md","mixed","yes","Mainから外し、不変条件と責務境界だけを再検証して蒸留する","d925ffdadc2357317249675e275f25bfd1b0262b360a05e53a44c9a31307f875","2026-07-15"
"docs/02_正本仕様/02_実装仕様/05_Heartbeat・合議制.md","統合実装仕様: Heartbeat・合議制","distill","candidate:implementation-invariants","spec","worker,coder","local_only","docs/02_正本仕様/02_実装仕様/05_Heartbeat・合議制.md","mixed","yes","Mainから外し、不変条件と責務境界だけを再検証して蒸留する","de1b00d0a58da39b5f9cfacdee59d449afc20065279a27d95996d53019f13f5a","2026-07-15"
"docs/02_正本仕様/02_実装仕様/06_参照・実装状況.md","統合実装仕様: 参照・実装状況","distill","candidate:implementation-invariants","spec","worker,coder","local_only","docs/02_正本仕様/02_実装仕様/06_参照・実装状況.md","mixed","yes","Mainから外し、不変条件と責務境界だけを再検証して蒸留する","41a4bf888f59acd91475d05a290dfd9ddc1e1b8c323137a7e31c2712c7e9bfdc","2026-07-15"
"docs/02_正本仕様/02_実装仕様/07_Memory_Lifecycle・Recall_Context.md","Memory Lifecycle・Recall Context 実装契約","distill","candidate:implementation-invariants","spec","worker,coder","local_only","docs/02_正本仕様/02_実装仕様/07_Memory_Lifecycle・Recall_Context.md","mixed","yes","Mainから外し、不変条件と責務境界だけを再検証して蒸留する","7d7c6aa94478e08b4ff8f7acd35bc0714ef353e6c5dddcd16f451e5cd0c0a670","2026-07-15"
"docs/02_正本仕様/02_実装仕様/08_TTS・Viewer同期契約.md","TTS・Viewer同期実装契約","distill","candidate:implementation-invariants","spec","worker,coder","local_only","docs/02_正本仕様/02_実装仕様/08_TTS・Viewer同期契約.md","mixed","yes","Mainから外し、不変条件と責務境界だけを再検証して蒸留する","a45183652f8cc68f5fd70ea2dd4233a723bba802dda54bcd3b9eeb0a8bf70836","2026-07-15"
"docs/02_正本仕様/02_実装仕様/09_Viewer_API・表示契約.md","Viewer API・表示実装契約","distill","candidate:implementation-invariants","spec","worker,coder","local_only","docs/02_正本仕様/02_実装仕様/09_Viewer_API・表示契約.md","mixed","yes","Mainから外し、不変条件と責務境界だけを再検証して蒸留する","672eaf326ff5f89a961ec71b44d28e315fd8f4b5e5933df0fd619473f60b72a5","2026-07-15"
"docs/02_正本仕様/03_Runtime_Config.md","RenCrow Runtime Config","promote","spec:runtime-config","spec","chat,worker,coder","any","docs/02_正本仕様/03_Runtime_Config.md","current","yes","local pathとprivate topologyを除き、公開設定仕様へ再構成する","da0dc7584ba92067cf34a7e00366b3381ce25414a90d51fdccd5d03d28a2fbdd","2026-07-15"
"docs/02_正本仕様/04_IdleChat.md","04_IdleChat.md","promote","spec:idlechat","spec","chat,worker,coder","any","docs/02_正本仕様/04_IdleChat.md","current","yes","利用者向け挙動だけを公開機能仕様へ再構成する","25425c2da57fa3082959ce280549fb3de69e212c4f61d2992a7a68056112238c","2026-07-15"
"docs/02_正本仕様/05_RenCrow_CORE_Ver0.80_モジュール構成仕様.md","RenCrow_CORE Ver0.80 モジュール構成仕様","distill","candidate:implementation-invariants","spec","worker,coder","local_only","docs/02_正本仕様/05_RenCrow_CORE_Ver0.80_モジュール構成仕様.md","mixed","yes","Mainから外し、不変条件と責務境界だけを再検証して蒸留する","502eb354e37b663d08e0241d38bde4daeb37e799c28e2be7c54a4ee472b22437","2026-07-15"
"docs/02_正本仕様/06_RenCrow_CORE_Ver0.80_モジュール化実装仕様.md","RenCrow_CORE Ver0.80 モジュール化実装仕様","distill","candidate:implementation-invariants","spec","worker,coder","local_only","docs/02_正本仕様/06_RenCrow_CORE_Ver0.80_モジュール化実装仕様.md","mixed","yes","Mainから外し、不変条件と責務境界だけを再検証して蒸留する","977d289ed4755fde1f2ef01911b879acbbb3fad489b2c50b65661d5d4a2db421","2026-07-15"
"docs/02_正本仕様/07_RenCrow_CORE_Ver0.80_組み換え実装作業資料.md","RenCrow_CORE Ver0.80 組み換え実装作業資料","distill","candidate:implementation-invariants","spec","worker,coder","local_only","docs/02_正本仕様/07_RenCrow_CORE_Ver0.80_組み換え実装作業資料.md","mixed","yes","Mainから外し、不変条件と責務境界だけを再検証して蒸留する","42d9772238627156bafa465186f55650b4686e79df842f5d9ee50440bbc9ecfc","2026-07-15"
"docs/02_正本仕様/08_RenCrow_CORE_Ver0.80_Public_Repo起点化仕様.md","RenCrow_CORE Ver0.80 Public Repo 起点化仕様","distill","candidate:implementation-invariants","spec","worker,coder","local_only","docs/02_正本仕様/08_RenCrow_CORE_Ver0.80_Public_Repo起点化仕様.md","mixed","yes","Mainから外し、不変条件と責務境界だけを再検証して蒸留する","db6453b3d1fe4136a9532f49e35154ae8caddf8489888acdabc99d511c4b42a5","2026-07-15"
"docs/02_正本仕様/09_Game_Bridge_Observer_API.md","Game Bridge Observer API 仕様 v0.1","promote","spec:public-api","spec","chat,worker,coder","any","docs/02_正本仕様/09_Game_Bridge_Observer_API.md","current","yes","絶対pathを除きPublic API契約へ統合する","1d82814fe6c9dc434660b1519ab67726542efcb25ad98277bad2d1dfa897e469","2026-07-15"
"docs/02_正本仕様/10_RenCrow_ToBe_統合仕様.md","RenCrow To-Be 統合仕様","distill","spec:roadmap","spec","chat,worker,coder","any","docs/02_正本仕様/10_RenCrow_ToBe_統合仕様.md","current_target","yes","実装済みと構想を分離してPublic roadmapへ再構成する","8591408d459b4a7c75fe7761f9d033231dae4b7022a2a937ffe29e883374719f","2026-07-15"
"docs/02_正本仕様/10_RenCrow_ToBe_統合仕様/01_全体像・CORE責務.md","To-Be: 全体像・CORE責務","distill","spec:roadmap","spec","chat,worker,coder","any","docs/02_正本仕様/10_RenCrow_ToBe_統合仕様/01_全体像・CORE責務.md","current_target","yes","実装済みと構想を分離してPublic roadmapへ再構成する","241519a37836d84cbe7f1facde2ccc4d403e0e83877730d14d55029ff192754a","2026-07-15"
"docs/02_正本仕様/10_RenCrow_ToBe_統合仕様/02_Agent_Profile・Autonomy.md","To-Be: Agent Profile・Autonomy","distill","spec:roadmap","spec","chat,worker,coder","any","docs/02_正本仕様/10_RenCrow_ToBe_統合仕様/02_Agent_Profile・Autonomy.md","current_target","yes","実装済みと構想を分離してPublic roadmapへ再構成する","174a641fb6ca1b2bdc0aa2af88ff73dd7702235dbcab7797ea81e2622dfdcf55","2026-07-15"
"docs/02_正本仕様/10_RenCrow_ToBe_統合仕様/03_Advisor_Layer.md","To-Be: Advisor Layer","distill","spec:roadmap","spec","chat,worker,coder","any","docs/02_正本仕様/10_RenCrow_ToBe_統合仕様/03_Advisor_Layer.md","current_target","yes","実装済みと構想を分離してPublic roadmapへ再構成する","4ad450b8ce00325313028d6bac73574cad697cab2bac3bcab7bd9e2c31998f1a","2026-07-15"
"docs/02_正本仕様/10_RenCrow_ToBe_統合仕様/04_Knowledge_Relation・Recall.md","To-Be: Knowledge Relation・Recall","distill","spec:roadmap","spec","chat,worker,coder","any","docs/02_正本仕様/10_RenCrow_ToBe_統合仕様/04_Knowledge_Relation・Recall.md","current_target","yes","実装済みと構想を分離してPublic roadmapへ再構成する","437eeb859b0d4489de35693b67c1510deff57466cd10f2aea4f4032d1723ac8f","2026-07-15"
"docs/02_正本仕様/10_RenCrow_ToBe_統合仕様/05_Economic_Objective・Revenue.md","To-Be: Economic Objective・Revenue","distill","spec:roadmap","spec","chat,worker,coder","any","docs/02_正本仕様/10_RenCrow_ToBe_統合仕様/05_Economic_Objective・Revenue.md","current_target","yes","実装済みと構想を分離してPublic roadmapへ再構成する","c463611302c1ca0b5fe4d3769f35b166f4563d36d03e043982099c2cdd8a0bf9","2026-07-15"
"docs/02_正本仕様/10_RenCrow_ToBe_統合仕様/06_GPT_OSS・Runtime_Flow.md","To-Be: GPT-OSS・Runtime Flow","distill","spec:roadmap","spec","chat,worker,coder","any","docs/02_正本仕様/10_RenCrow_ToBe_統合仕様/06_GPT_OSS・Runtime_Flow.md","current_target","yes","実装済みと構想を分離してPublic roadmapへ再構成する","1407253afd6f54356eaea70b35ba36689c57749bba123d5d9ea22e00fea1f8b5","2026-07-15"
"docs/02_正本仕様/11_RenCrow_ToBe_統合実装仕様.md","RenCrow To-Be 統合実装仕様","distill","candidate:implementation-invariants","spec","worker,coder","local_only","docs/02_正本仕様/11_RenCrow_ToBe_統合実装仕様.md","mixed","yes","Mainから外し、不変条件と責務境界だけを再検証して蒸留する","57c7e2116ab58fde7feb859c92bbe85dfdca5b7ad74a8dfd85f2417eca7526d5","2026-07-15"
"docs/02_正本仕様/12_CORE_機能台帳.md","CORE 機能台帳","distill","candidate:implementation-invariants","spec","worker,coder","local_only","docs/02_正本仕様/12_CORE_機能台帳.md","mixed","yes","Mainから外し、不変条件と責務境界だけを再検証して蒸留する","f3f4bc7e81e9eea82833fd27e816ec6c7f96e3d6a9374452f292be0ab2a90734","2026-07-15"
"docs/03_記憶検索/01_ローカルファースト検索・記憶アーキテクチャ.md","ローカルファースト検索・記憶アーキテクチャ（構築判断資料）","distill","candidate:design-decisions","spec","worker,coder","local_only","docs/03_記憶検索/01_ローカルファースト検索・記憶アーキテクチャ.md","mixed","yes","設計判断、acceptance、ADRの要点だけをKnowledge候補にする","8763cbb3501b55c090883b558011d9377d3e47943f3da2e8125766c60fd5a5e5","2026-07-15"
"docs/03_設計文書/LightMemory統合検討メモ_20260707.md","LightMemory 統合検討メモ","distill","candidate:design-decisions","spec","worker,coder","local_only","docs/03_設計文書/LightMemory統合検討メモ_20260707.md","mixed","yes","設計判断、acceptance、ADRの要点だけをKnowledge候補にする","d36bdcaad322af88065b78119a69ba13044750abb0464da571a36a647b92c70f","2026-07-15"
"docs/04_構築指標/01_構築ロードマップ.md","構築ロードマップ","distill","candidate:design-decisions","spec","worker,coder","local_only","docs/04_構築指標/01_構築ロードマップ.md","mixed","yes","設計判断、acceptance、ADRの要点だけをKnowledge候補にする","8fd6e508dfa35ec85e25d7f4d1c0fd911bf6f9b8f851394082af4e9b88589e15","2026-07-15"
"docs/04_構築指標/02_受入基準・テスト観点.md","受入基準・テスト観点","distill","candidate:design-decisions","spec","worker,coder","local_only","docs/04_構築指標/02_受入基準・テスト観点.md","mixed","yes","設計判断、acceptance、ADRの要点だけをKnowledge候補にする","7dcf4e9220427953ea83af704554d1c1cca263ae207b8769c019d37957e30677","2026-07-15"
"docs/04_構築指標/03_Advisor_AgentProfile接続実装仕様.md","Advisor / AgentProfile 接続実装仕様","distill","candidate:design-decisions","spec","worker,coder","local_only","docs/04_構築指標/03_Advisor_AgentProfile接続実装仕様.md","mixed","yes","設計判断、acceptance、ADRの要点だけをKnowledge候補にする","8338d2b6f0bd99d65e8e3102c61b209eef520b156c7f4c9d3d7b78cfa140a552","2026-07-15"
"docs/04_構築指標/04_KnowledgeRelation接続実装仕様.md","Knowledge Relation 接続実装仕様","distill","candidate:design-decisions","spec","worker,coder","local_only","docs/04_構築指標/04_KnowledgeRelation接続実装仕様.md","mixed","yes","設計判断、acceptance、ADRの要点だけをKnowledge候補にする","8a4917996759373fca485450632f3a915284d314caf51fbc41ddf1a78c90043f","2026-07-15"
"docs/04_構築指標/05_EconomicObjective接続実装仕様.md","Economic Objective 接続実装仕様","distill","candidate:design-decisions","spec","worker,coder","local_only","docs/04_構築指標/05_EconomicObjective接続実装仕様.md","mixed","yes","設計判断、acceptance、ADRの要点だけをKnowledge候補にする","fe994bc975e946c92efb66e4c7814d3a8f7e23ef666c82e598f3085cb1669434","2026-07-15"
"docs/04_構築指標/06_ToBe_Ops表示実装仕様.md","To-Be Ops 表示実装仕様","distill","candidate:design-decisions","spec","worker,coder","local_only","docs/04_構築指標/06_ToBe_Ops表示実装仕様.md","mixed","yes","設計判断、acceptance、ADRの要点だけをKnowledge候補にする","e4d5a8b4defc32a842e6b846c6d3dd8c56c8bd8395e5501689ad2a9a9478a76d","2026-07-15"
"docs/05_運用/01_Win11_Setup.md","Win11 MCP Chrome セットアップ - クイックスタート","distill","candidate:operations-runbook","runbook","worker,coder","local_only","docs/05_運用/01_Win11_Setup.md","environment_sensitive","yes","再現可能な一般手順だけを抽出し、local情報を除去する","8523853b2c3df6a6c070fb554b01cd3fb1c4fad19642a65df522144983f7d6d5","2026-07-15"
"docs/05_運用/02_Codebase_Run_Summary.md","コードベース解析実行サマリー","distill","candidate:operations-runbook","runbook","worker,coder","local_only","docs/05_運用/02_Codebase_Run_Summary.md","environment_sensitive","yes","再現可能な一般手順だけを抽出し、local情報を除去する","3fe564f78191adeec2655aa851e4c0a36c2342df3e3ac34fb8df45aa2d6d7702","2026-07-15"
"docs/README.md","RenCrow ドキュメント正本入口","promote","spec:system-and-features","spec","chat,worker,coder","any","docs/README.md","current","yes","現行の利用者向け仕様へ再構成する主要情報源","df9303646156679093e73a4d4fc268325d816b12f7f5c6615b31c38259857205","2026-07-15"
"docs/adr/20260707_L番号体系のライフサイクル基準統一.md","L番号体系のライフサイクル基準統一","distill","candidate:design-decisions","spec","worker,coder","local_only","docs/adr/20260707_L番号体系のライフサイクル基準統一.md","mixed","yes","設計判断、acceptance、ADRの要点だけをKnowledge候補にする","8def5d3e478dcb0b7275d53aabff46afdf01caa5173f10b8c7c46d64da98a1f9","2026-07-15"
"docs/adr/20260708_DuckDBのdarwin対応と起動デグラデーション.md","DuckDB の darwin 対応と起動デグラデーション","distill","candidate:design-decisions","spec","worker,coder","local_only","docs/adr/20260708_DuckDBのdarwin対応と起動デグラデーション.md","mixed","yes","設計判断、acceptance、ADRの要点だけをKnowledge候補にする","091c138df468ab306242767264d79f58f879887462253f9f3b117bd7f62894ce","2026-07-15"
"docs/refs/01_正本仕様/02_設計原則.md","設計原則（§2）","distill","candidate:legacy-spec-review","spec","worker,coder","local_only","","historical_or_uncertain","yes","現行仕様とcodeで再検証した要点だけを採用候補にする","5ab63b6082b76a4da24de4eab29370008f938e292dfcdfa1a93d608e19fa0fcc","2026-07-15"
"docs/refs/01_正本仕様/16_ComfyUI画像生成_正本仕様.md","ComfyUI 画像生成 正本仕様","distill","candidate:legacy-spec-review","spec","worker,coder","local_only","","historical_or_uncertain","yes","現行仕様とcodeで再検証した要点だけを採用候補にする","1c77dd470e11792e9352af8cc514e07874d6af95009f6501cc0d4a6f02242ee3","2026-07-15"
"docs/refs/01_正本仕様/STT_正本仕様.md","STT 正本仕様","distill","candidate:legacy-spec-review","spec","worker,coder","local_only","","historical_or_uncertain","yes","現行仕様とcodeで再検証した要点だけを採用候補にする","2c1445b98a902f5571aea53853eac59d8ad2d687b635e1462eed499be02d2592","2026-07-15"
"docs/refs/01_正本仕様/仕様.md","RenCrow システム統合仕様","distill","candidate:legacy-spec-review","spec","worker,coder","local_only","","historical_or_uncertain","yes","現行仕様とcodeで再検証した要点だけを採用候補にする","846177f58cdc57442f2034cf015850d43b1453adf3c9001e1f7aae49cb900ef2","2026-07-15"
"docs/refs/01_正本仕様/実装仕様.md","RenCrow 実装仕様 v3.0 クリーンアーキテクチャ版","distill","candidate:legacy-spec-review","spec","worker,coder","local_only","","historical_or_uncertain","yes","現行仕様とcodeで再検証した要点だけを採用候補にする","9f45ad80e055607a66d2827173c4df758b33c5d1627bbf1e3cace5a132611777","2026-07-15"
"docs/refs/03_設計文書/Chat_Worker_Coder_アーキテクチャ.md","Chat / Worker / Coder アーキテクチャ","distill","candidate:legacy-spec-review","spec","worker,coder","local_only","","historical_or_uncertain","yes","現行仕様とcodeで再検証した要点だけを採用候補にする","b86b581ea0f06642f39c6b41e99dfb7df1a35ef8d73ab576ffbc3637d1166c7f","2026-07-15"
"docs/refs/03_設計文書/KB運用ガイド.md","Knowledge Base (KB) 運用ガイド","distill","candidate:legacy-spec-review","spec","worker,coder","local_only","","historical_or_uncertain","yes","現行仕様とcodeで再検証した要点だけを採用候補にする","ab2710f5f5089aca7d1e0ebd63b04eb35ca0ceee0e24b65bafdacf4552733142","2026-07-15"
"docs/refs/03_設計文書/ログViewer仕様.md","ログViewer仕様","distill","candidate:legacy-spec-review","spec","worker,coder","local_only","","historical_or_uncertain","yes","現行仕様とcodeで再検証した要点だけを採用候補にする","a90bcab7ce068c56425b92df56fadfe0431c71f63fdf8a56eac831c89cb4abc7","2026-07-15"
"docs/refs/03_設計文書/仕様.md","仕様（修正版）：RenCrow 後段ルーティング拡張（会話LLM単一窓口・システム分岐・推論/コードワーカー）","distill","candidate:legacy-spec-review","spec","worker,coder","local_only","","historical_or_uncertain","yes","現行仕様とcodeで再検証した要点だけを採用候補にする","40fa8f9f8ae1e2eafcf8e1ae711982049ad6cbf318091233e61cb8a684bffdcb","2026-07-15"
"docs/refs/03_設計文書/仕様_エージェント構成.md","RenCraw 分散マルチエージェント構成仕様","distill","candidate:legacy-spec-review","spec","worker,coder","local_only","","historical_or_uncertain","yes","現行仕様とcodeで再検証した要点だけを採用候補にする","daf2e12c8eccf1802bcf04cb55ac5355973d4cc6ae196fd0b14274a138202d51","2026-07-15"
"docs/refs/03_設計文書/会話LLM仕様_v1.0.md","会話LLM（Conversation-centric LLM）仕様 v1.0","distill","candidate:legacy-spec-review","spec","worker,coder","local_only","","historical_or_uncertain","yes","現行仕様とcodeで再検証した要点だけを採用候補にする","1e0a1797a6d14780f16e1443a7a376235586fa7701d0c350f7db11fb158700ef","2026-07-15"
"docs/refs/03_設計文書/実装仕様_ログViewer_v1.md","実装仕様: ログViewer v1.0","distill","candidate:legacy-spec-review","spec","worker,coder","local_only","","historical_or_uncertain","yes","現行仕様とcodeで再検証した要点だけを採用候補にする","205a69ee1d90a84eff68c3cb81c520c6b3a850ce444a031f70a969e7ba7c1e30","2026-07-15"
"docs/refs/03_設計文書/実装仕様_操作ログJSON保持_v1.md","実装仕様: 操作ログ JSON 保持 v1","distill","candidate:legacy-spec-review","spec","worker,coder","local_only","","historical_or_uncertain","yes","現行仕様とcodeで再検証した要点だけを採用候補にする","bab56e2740c3548b75baecde898397cc973e159f49643de0c045f32af69277c6","2026-07-15"
"docs/refs/03_設計文書/拡張設計仕様.md","拡張設計仕様 v1.0","distill","candidate:legacy-spec-review","spec","worker,coder","local_only","","historical_or_uncertain","yes","現行仕様とcodeで再検証した要点だけを採用候補にする","317cfc7da0a30511882d6a5e5882dde530b5efd9273e74c7858ee23ba343f96f","2026-07-15"
"docs/refs/05_LLM運用プロンプト設計/API利用者ガイド.md","RenCrow_LLM API 利用者ガイド","distill","candidate:legacy-spec-review","spec","worker,coder","local_only","","historical_or_uncertain","yes","現行仕様とcodeで再検証した要点だけを採用候補にする","e0197d9e6f0c47cb0dd952760346f1659b7681fd47467d1492a299295607b569","2026-07-15"
"docs/refs/05_LLM運用プロンプト設計/CHAT_PERSONA設計.md","CHAT_PERSONA と PrimerMessage 設計書","distill","candidate:legacy-spec-review","spec","worker,coder","local_only","","historical_or_uncertain","yes","現行仕様とcodeで再検証した要点だけを採用候補にする","ec8c9cb7b5e73464d08f01235a3a33b3040a93f7aeefaba1b4be0d1baff39b2e","2026-07-15"
"docs/refs/05_LLM運用プロンプト設計/Coder3_Claude_API仕様.md","Coder3_Claude_API仕様.md","distill","candidate:legacy-spec-review","spec","worker,coder","local_only","","historical_or_uncertain","yes","現行仕様とcodeで再検証した要点だけを採用候補にする","e400fcf770a586707ff3fb4032dc37da367e16c443026d33e7bebf8210a5a7c6","2026-07-15"
"docs/refs/05_LLM運用プロンプト設計/LLM_Ollama常駐管理.md","Ollama（Windows常駐）× RenCrow（Ubuntu監視）構成設計書 v1.0","distill","candidate:legacy-spec-review","spec","worker,coder","local_only","","historical_or_uncertain","yes","現行仕様とcodeで再検証した要点だけを採用候補にする","6f772188e97656770933ba6e0fe6b2ef4e482b9b4c5b6741a8c8ebd7cd213888","2026-07-15"
"docs/refs/05_LLM運用プロンプト設計/LLM_Worker_Spec_v1_0.md","Worker（作業船）仕様書 v1.0","distill","candidate:legacy-spec-review","spec","worker,coder","local_only","","historical_or_uncertain","yes","現行仕様とcodeで再検証した要点だけを採用候補にする","01c6c0513322aa3e47658703bf0d235bf739f2d10c861f957e84e293990a1fb1","2026-07-15"
"docs/refs/05_LLM運用プロンプト設計/LLM_deepseek運用仕様.md","DeepSeek キャッシュ設計 仕様（Coding LLM向け）","distill","candidate:legacy-spec-review","spec","worker,coder","local_only","","historical_or_uncertain","yes","現行仕様とcodeで再検証した要点だけを採用候補にする","8b27152d035ebf5a7de40071dcc8b9cd63c3534cdc328aa20e5bf6aca5bbb39e","2026-07-15"
"docs/refs/05_LLM運用プロンプト設計/LLM_ollama世代管理.md","Ollama「個性（人格）」の上書き運用：提案メモ（Mio/作業船）","distill","candidate:legacy-spec-review","spec","worker,coder","local_only","","historical_or_uncertain","yes","現行仕様とcodeで再検証した要点だけを採用候補にする","277a04ab6f661cfe8f0791a2319cded79a11ca0605a8340d74b41c2d81f12270","2026-07-15"
"docs/refs/05_LLM運用プロンプト設計/LLM_分類整理.md","LLM関連ドキュメントの分類整理","distill","candidate:legacy-spec-review","spec","worker,coder","local_only","","historical_or_uncertain","yes","現行仕様とcodeで再検証した要点だけを採用候補にする","5fedf75b421162a5c9e8d6da0c155ac06cf8b992bfb93eee93afe2ba95e73b5b","2026-07-15"
"docs/refs/05_LLM運用プロンプト設計/LLM_追加仕様.md","LLM_追加仕様.md","distill","candidate:legacy-spec-review","spec","worker,coder","local_only","","historical_or_uncertain","yes","現行仕様とcodeで再検証した要点だけを採用候補にする","ebba52401e439cc2f55b16f70a4d2e98a634125456956e1c2ada93cd4693229d","2026-07-15"
"docs/refs/05_LLM運用プロンプト設計/LLM_追加実装仕様.md","LLM_追加実装仕様.md","distill","candidate:legacy-spec-review","spec","worker,coder","local_only","","historical_or_uncertain","yes","現行仕様とcodeで再検証した要点だけを採用候補にする","af8f813cd0de6b594a7d02bc2351eec70ca8afde99e1784c93f6a4073f0d9215","2026-07-15"
"docs/refs/05_LLM運用プロンプト設計/Mio_キャラクター設定_v1.md","Mio キャラクター設定 v1","distill","candidate:legacy-spec-review","spec","worker,coder","local_only","","historical_or_uncertain","yes","現行仕様とcodeで再検証した要点だけを採用候補にする","62448ce4947dd844e073f4bdf5d08d1360d3235358aa563978baa417d91097e7","2026-07-15"
"docs/refs/05_LLM運用プロンプト設計/コンテキスト収集_プロンプト構築アーキテクチャ.md","コンテキスト収集・プロンプト構築アーキテクチャ","distill","candidate:legacy-spec-review","spec","worker,coder","local_only","","historical_or_uncertain","yes","現行仕様とcodeで再検証した要点だけを採用候補にする","b58e9801bcbd0adc01a51f4dec0f05bf400372e5874f6551aa1d086183c70111","2026-07-15"
"docs/refs/07_IdleChat仕様/IdleChat_Topic_Generator_Judge詳細仕様.md","IdleChat Topic Generator / Interestingness Judge 詳細仕様","distill","candidate:legacy-spec-review","spec","worker,coder","local_only","","historical_or_uncertain","yes","現行仕様とcodeで再検証した要点だけを採用候補にする","1218517ee7dd2470924ade4396e373f2d25d361cd2879955488426c459335e91","2026-07-15"
"docs/refs/07_IdleChat仕様/IdleChat仕様.md","IdleChat 仕様書","distill","candidate:legacy-spec-review","spec","worker,coder","local_only","","historical_or_uncertain","yes","現行仕様とcodeで再検証した要点だけを採用候補にする","8f77d5ca44d0bc329ffa3617dd9c1b384c359cdc411363f99c757b52585601d4","2026-07-15"
"docs/refs/07_IdleChat仕様/IdleChat即時停止仕様.md","IdleChat 即時停止仕様","distill","candidate:legacy-spec-review","spec","worker,coder","local_only","","historical_or_uncertain","yes","現行仕様とcodeで再検証した要点だけを採用候補にする","61618adc4b74b3ec8c16246f180dbda0d94035fd782e91cacb702fe7481a5524","2026-07-15"
"docs/refs/07_IdleChat仕様/会話ID仕様.md","RenCrow 会話ID仕様","distill","candidate:legacy-spec-review","spec","worker,coder","local_only","","historical_or_uncertain","yes","現行仕様とcodeで再検証した要点だけを採用候補にする","3f0f601a7bbf8ce09e7b95c85a16e9c146035af93e5b0caa7b41589ef3331048","2026-07-15"
"docs/refs/07_IdleChat仕様/未来展望セッション仕様.md","未来展望セッション (Forecast Session) 仕様書","distill","candidate:legacy-spec-review","spec","worker,coder","local_only","","historical_or_uncertain","yes","現行仕様とcodeで再検証した要点だけを採用候補にする","a724933f580934c67960e7e13497bc879218b507372b132a1735007c8610e38d","2026-07-15"
"docs/refs/09_Viewer/Viewer仕様.md","Viewer 仕様","distill","candidate:legacy-spec-review","spec","worker,coder","local_only","","historical_or_uncertain","yes","現行仕様とcodeで再検証した要点だけを採用候補にする","4d9f78494bae99cb56ce8add08770e2586dd10e006e9fb7724deb03c172a6b1f","2026-07-15"
"docs/refs/09_Viewer/Viewer添付入力仕様.md","Viewer添付入力仕様","distill","candidate:legacy-spec-review","spec","worker,coder","local_only","","historical_or_uncertain","yes","現行仕様とcodeで再検証した要点だけを採用候補にする","f6ff419d467e316d3044bc000b523e42ac453dc7b730cee5c1b6953b415cdc6f","2026-07-15"
"docs/refs/09_Viewer/キャラクターレイヤー表示仕様.md","キャラクターレイヤー表示仕様","distill","candidate:legacy-spec-review","spec","worker,coder","local_only","","historical_or_uncertain","yes","現行仕様とcodeで再検証した要点だけを採用候補にする","d78ca9856d54375fe12a6a76bd6765f2c35e9bac35baefa46dedc3547ae7d86e","2026-07-15"
"docs/refs/09_Viewer/キャラクター感情表現仕様.md","キャラクター感情表現仕様","distill","candidate:legacy-spec-review","spec","worker,coder","local_only","","historical_or_uncertain","yes","現行仕様とcodeで再検証した要点だけを採用候補にする","bcb5a559ed16650b19dfd5c951b438e80f495d828aa9d1f17a9e242a19fb96dd","2026-07-15"
"docs/refs/10_新仕様/02_モジュール構成仕様.md","モジュール構成仕様","distill","candidate:legacy-spec-review","spec","worker,coder","local_only","","historical_or_uncertain","yes","現行仕様とcodeで再検証した要点だけを採用候補にする","9dc61aec1efebae620c13ff688d7a05a09119fb3f5266e8a6f1b508d26f21e76","2026-07-15"
"docs/refs/10_新仕様/04_02_Chat_Worker_Coder仕様.md","Chat / Worker / Coder 仕様","distill","candidate:legacy-spec-review","spec","worker,coder","local_only","","historical_or_uncertain","yes","現行仕様とcodeで再検証した要点だけを採用候補にする","7249fd5f2c3b9e627b84e8002a4bb8b658e22e953b7ec469ec9c4e73db00afaa","2026-07-15"
"docs/refs/10_新仕様/04_Chat_Worker_Coder仕様.md","Chat / Worker / Coder 仕様","distill","candidate:legacy-spec-review","spec","worker,coder","local_only","","historical_or_uncertain","yes","現行仕様とcodeで再検証した要点だけを採用候補にする","7249fd5f2c3b9e627b84e8002a4bb8b658e22e953b7ec469ec9c4e73db00afaa","2026-07-15"
"docs/refs/10_新仕様/05_Viewer仕様.md","Viewer 仕様","distill","candidate:legacy-spec-review","spec","worker,coder","local_only","","historical_or_uncertain","yes","現行仕様とcodeで再検証した要点だけを採用候補にする","5a2867cc68bf381f2b58691715c1ee22bb3c1a38775d5c660708308dbf123f7c","2026-07-15"
"docs/refs/10_新仕様/06_02_IdleChat仕様.md","IdleChat 仕様","distill","candidate:legacy-spec-review","spec","worker,coder","local_only","","historical_or_uncertain","yes","現行仕様とcodeで再検証した要点だけを採用候補にする","48c73c380a43b5e53a47458024599eab009a06a93b5809212fff7a2a64af8f90","2026-07-15"
"docs/refs/10_新仕様/06_IdleChat仕様.md","IdleChat 仕様","distill","candidate:legacy-spec-review","spec","worker,coder","local_only","","historical_or_uncertain","yes","現行仕様とcodeで再検証した要点だけを採用候補にする","ec6ec96aae3c107b164e70635fa00c3ff55eb53786abdf38a1badf6c2f6b072b","2026-07-15"
"docs/refs/10_新仕様/07_STT_TTS仕様.md","STT / TTS 仕様","distill","candidate:legacy-spec-review","spec","worker,coder","local_only","","historical_or_uncertain","yes","現行仕様とcodeで再検証した要点だけを採用候補にする","8f1d6f78d3acef6193fac478eda96cda7153f6a926147ff3790b59b64bb37d87","2026-07-15"
"docs/refs/10_新仕様/08_LLM_provider仕様.md","LLM provider 仕様","distill","candidate:legacy-spec-review","spec","worker,coder","local_only","","historical_or_uncertain","yes","現行仕様とcodeで再検証した要点だけを採用候補にする","95892334d85f6739482f9415d0eb7a37302009ca596b74411cf9d21cd151100c","2026-07-15"
"docs/refs/10_新仕様/09_Memory_SourceRegistry仕様.md","Memory / Source Registry 仕様","distill","candidate:legacy-spec-review","spec","worker,coder","local_only","","historical_or_uncertain","yes","現行仕様とcodeで再検証した要点だけを採用候補にする","086e6e1a69155cc4a352ff00cd252375813daaa2d3813d81cd2ed0bca597fa1a","2026-07-15"
"docs/refs/10_新仕様/10_検証仕様.md","検証仕様","distill","candidate:legacy-spec-review","spec","worker,coder","local_only","","historical_or_uncertain","yes","現行仕様とcodeで再検証した要点だけを採用候補にする","c18267585132982c24fd9c7b06c83375d395856053b3f9b97f0db9cbce1ffa79","2026-07-15"
"docs/refs/10_新仕様/11_分割再設計候補.md","分割再設計候補","distill","candidate:legacy-spec-review","spec","worker,coder","local_only","","historical_or_uncertain","yes","現行仕様とcodeで再検証した要点だけを採用候補にする","5e0cd224f382f6a403979e6a6fbdc1615644780e32be32add4e8990aa49075b3","2026-07-15"
"docs/refs/10_新仕様/15_残タスク実装仕様.md","残タスク実装仕様","distill","candidate:legacy-spec-review","spec","worker,coder","local_only","","historical_or_uncertain","yes","現行仕様とcodeで再検証した要点だけを採用候補にする","cd910c0b812dd987ae6dd3eb92a9f3dc941457cda5ed030ba88d5ed829b78555","2026-07-15"
"docs/refs/10_新仕様/19_DCI_直接コーパス探索仕様.md","DCI 直接コーパス探索仕様","distill","candidate:legacy-spec-review","spec","worker,coder","local_only","","historical_or_uncertain","yes","現行仕様とcodeで再検証した要点だけを採用候補にする","3c13bb5253e22227e5eba21b0499a66a3a44c56c909b969d0cc95ed5e1dbeeab","2026-07-15"
"docs/refs/10_新仕様/20_Tool_Harness_Contract_Mediation仕様.md","Tool Harness Contract Mediation 仕様","distill","candidate:legacy-spec-review","spec","worker,coder","local_only","","historical_or_uncertain","yes","現行仕様とcodeで再検証した要点だけを採用候補にする","aa1c134d580cf0b3b498a44186e7d523ae85cbaa0f79a65bb8dc6e918eb74edf","2026-07-15"
"docs/refs/10_新仕様/21_AI_Native_Engineering_Workflow仕様.md","AI Native Engineering Workflow 仕様","distill","candidate:legacy-spec-review","spec","worker,coder","local_only","","historical_or_uncertain","yes","現行仕様とcodeで再検証した要点だけを採用候補にする","fcaeb1a494f8bb34d85817d4d198c990e7e79f294a6471ac73818b5c7a84568b","2026-07-15"
"docs/refs/10_新仕様/22_Revenue_Operating_Principles仕様.md","Revenue Operating Principles 仕様","distill","candidate:legacy-spec-review","spec","worker,coder","local_only","","historical_or_uncertain","yes","現行仕様とcodeで再検証した要点だけを採用候補にする","ba9c20ae1dce5f625980c4d508067f9b539943878932e45fbcc4048483601ad7","2026-07-15"
"docs/refs/10_新仕様/23_Workstream_Operating_Loop仕様.md","Workstream Operating Loop 仕様","distill","candidate:legacy-spec-review","spec","worker,coder","local_only","","historical_or_uncertain","yes","現行仕様とcodeで再検証した要点だけを採用候補にする","8d212d31c5e8c8fa6b26b14be14fff4ef2016748b0bafbb56f7cbad0d6e3813f","2026-07-15"
"docs/refs/10_新仕様/24_Agent_Skill_Governance仕様.md","Agent Skill Governance 仕様","distill","candidate:legacy-spec-review","spec","worker,coder","local_only","","historical_or_uncertain","yes","現行仕様とcodeで再検証した要点だけを採用候補にする","559dd40ccf2e57f107b7244dec6b698f89dab7fc7769aa2f1ffcf8c5c0e3c23f","2026-07-15"
"docs/refs/10_新仕様/25_Codebase_Complexity_Hotspot_Skill仕様.md","Codebase Complexity Hotspot Skill 仕様","distill","candidate:legacy-spec-review","spec","worker,coder","local_only","","historical_or_uncertain","yes","現行仕様とcodeで再検証した要点だけを採用候補にする","47f9abeddb31301b48741720f78dd4e473a4198fc83b2efaec97e5942534c57a","2026-07-15"
"docs/refs/10_新仕様/26_Persona_Lore_and_Mutual_Observation仕様.md","Persona Lore and Mutual Observation 仕様","distill","candidate:legacy-spec-review","spec","worker,coder","local_only","","historical_or_uncertain","yes","現行仕様とcodeで再検証した要点だけを採用候補にする","f57cc679ef9346035d4f35da190e44272704c5382cba6d50560df7bd1d1fde3c","2026-07-15"
"docs/refs/10_新仕様/27_Browser_Trace_to_API_Discovery仕様.md","Browser Trace to API Discovery 仕様","distill","candidate:legacy-spec-review","spec","worker,coder","local_only","","historical_or_uncertain","yes","現行仕様とcodeで再検証した要点だけを採用候補にする","dc298e4c546f5b6ed1f6e764acdf68f4631120686c7ca7623e5f010f06804392","2026-07-15"
"docs/refs/10_新仕様/28_SuperAgent_Harness_Reference_DeerFlow仕様.md","SuperAgent Harness Reference DeerFlow 仕様","distill","candidate:legacy-spec-review","spec","worker,coder","local_only","","historical_or_uncertain","yes","現行仕様とcodeで再検証した要点だけを採用候補にする","1ca1930f7713a4ea9bd35b64bcc3d89f9142ece298287112ca860c07d7ddfc83","2026-07-15"
"docs/refs/10_新仕様/29_Sandbox_Promotion_Gate仕様.md","Sandbox Promotion Gate 仕様","distill","candidate:legacy-spec-review","spec","worker,coder","local_only","","historical_or_uncertain","yes","現行仕様とcodeで再検証した要点だけを採用候補にする","d55bcf90b36ef5d82b9aced1f3751950f452b545f103cdbe47a8f6a81ed7b5c8","2026-07-15"
"docs/refs/10_新仕様/31_未実装項目実装仕様.md","未実装項目実装仕様","distill","candidate:legacy-spec-review","spec","worker,coder","local_only","","historical_or_uncertain","yes","現行仕様とcodeで再検証した要点だけを採用候補にする","73a879ed2db73a4b56d9565d28d05bfa984edd433c9a1c2007bc21d006ee4a3f","2026-07-15"
"docs/refs/10_新仕様/37_STT_TTS_MacBook207移植仕様.md","STT / TTS MacBook 207 移植仕様","distill","candidate:legacy-spec-review","spec","worker,coder","local_only","","historical_or_uncertain","yes","現行仕様とcodeで再検証した要点だけを採用候補にする","963f8cdc292a123900280ddb4fc145486dc50a2fbf06fa8d986346df79632827","2026-07-15"
"docs/refs/10_新仕様/38_Viewer_Tailscale配信仕様.md","Viewer Tailscale 配信仕様","distill","candidate:legacy-spec-review","spec","worker,coder","local_only","","historical_or_uncertain","yes","現行仕様とcodeで再検証した要点だけを採用候補にする","955e5f1eecef4c80831568277df7a3a25c7481995371f6437a31f5181eead0cf","2026-07-15"
"docs/refs/10_新仕様/39_STT_Streaming暫定確定字幕仕様.md","RenCrow STT Streaming 暫定/確定字幕仕様","distill","candidate:legacy-spec-review","spec","worker,coder","local_only","","historical_or_uncertain","yes","現行仕様とcodeで再検証した要点だけを採用候補にする","494607fc3e073c335516782016ccdb110c921dbdffedcba819b75df92f26d62f","2026-07-15"
"docs/refs/10_新仕様/40_STT_Streaming実装作業仕様.md","RenCrow STT Streaming 実装作業仕様","distill","candidate:legacy-spec-review","spec","worker,coder","local_only","","historical_or_uncertain","yes","現行仕様とcodeで再検証した要点だけを採用候補にする","80e00d908ee3ccba89939934e980dcb433bc17adebe4d6976c7316e0d58ecdc0","2026-07-15"
"docs/refs/10_新仕様/41_TTS_Timeout_Drain実装仕様.md","TTS Timeout / Drain 実装仕様","distill","candidate:legacy-spec-review","spec","worker,coder","local_only","","historical_or_uncertain","yes","現行仕様とcodeで再検証した要点だけを採用候補にする","c9502244f9c2c8e73940cdba95e93ec6f5ff400220ddf7fed9e748c62493d98d","2026-07-15"
"docs/refs/10_新仕様/42_物理分離前提仕様.md","RenCrow 物理分離前提仕様","distill","candidate:legacy-spec-review","spec","worker,coder","local_only","","historical_or_uncertain","yes","現行仕様とcodeで再検証した要点だけを採用候補にする","6033a4a66adb6b7f49bc84f07c38973899232ff1329631233b850ddfd3af2905","2026-07-15"
"docs/refs/10_新仕様/43_物理分離前提実装仕様.md","RenCrow 物理分離前提実装仕様","distill","candidate:legacy-spec-review","spec","worker,coder","local_only","","historical_or_uncertain","yes","現行仕様とcodeで再検証した要点だけを採用候補にする","b16a7da10654296df507c413520a4029b2e117a01a10b328b31959d9cc6c6a22","2026-07-15"
"docs/refs/10_新仕様/44_物理分離前提移行仕様.md","RenCrow 物理分離前提移行仕様","distill","candidate:legacy-spec-review","spec","worker,coder","local_only","","historical_or_uncertain","yes","現行仕様とcodeで再検証した要点だけを採用候補にする","11de730483a938d9ed11606f67cc05fd7257f30f5f3a778f40f096ffb35d0b68","2026-07-15"
"docs/refs/10_新仕様/45_LLMクライアントキューTimeout仕様.md","LLM クライアントキュー / Timeout 仕様","distill","candidate:legacy-spec-review","spec","worker,coder","local_only","","historical_or_uncertain","yes","現行仕様とcodeで再検証した要点だけを採用候補にする","a5fcdb00ca6afb965668a4d3f05eccee670c0e048d266a30fd1f7c069e4d9432","2026-07-15"
"docs/refs/10_新仕様/46_Web情報収集ツール仕様.md","Web 情報収集ツール仕様","distill","candidate:legacy-spec-review","spec","worker,coder","local_only","","historical_or_uncertain","yes","現行仕様とcodeで再検証した要点だけを採用候補にする","89f9358facbd4e1ae9e8fd2b6dc77417d22683b1e562fda11c459a5c3dd39a77","2026-07-15"
"docs/refs/10_新仕様/48_ComfyUI_RenCrow_API仕様.md","ComfyUI RenCrow API 仕様","distill","candidate:legacy-spec-review","spec","worker,coder","local_only","","historical_or_uncertain","yes","現行仕様とcodeで再検証した要点だけを採用候補にする","e910ecf4b31a5ac7f7a73ebef4f2a961ec8d0f0d3568332681e8ec4c44804822","2026-07-15"
"docs/refs/10_新仕様/48_Web情報収集ツール実装仕様.md","Web 情報収集ツール実装仕様","distill","candidate:legacy-spec-review","spec","worker,coder","local_only","","historical_or_uncertain","yes","現行仕様とcodeで再検証した要点だけを採用候補にする","56aa1e889fe0bbf675c9b62235a2185ccf9c43256a57cd2e931b522f2cbbda22","2026-07-15"
"docs/refs/10_新仕様/49_Movie_Graph_Mio_Topic仕様.md","Movie Graph / Mio Topic 仕様","distill","candidate:legacy-spec-review","spec","worker,coder","local_only","","historical_or_uncertain","yes","現行仕様とcodeで再検証した要点だけを採用候補にする","69da00d461e137888b32c9b66205ddba4a1f44d570979b5585bbb8f653048686","2026-07-15"
"docs/refs/10_新仕様/50_Hobby_Graph_Mio_Topic仕様.md","Hobby Graph / Mio Topic 仕様","distill","candidate:legacy-spec-review","spec","worker,coder","local_only","","historical_or_uncertain","yes","現行仕様とcodeで再検証した要点だけを採用候補にする","aba3aff746365ab65d2d61a49510ebee8d2eeb4742af6f00ebfc03c902356bf2","2026-07-15"
"docs/refs/10_新仕様/51_Movie_Watch_Event実装仕様.md","Movie Watch Event 実装仕様","distill","candidate:legacy-spec-review","spec","worker,coder","local_only","","historical_or_uncertain","yes","現行仕様とcodeで再検証した要点だけを採用候補にする","deebc62590dcf8d615ed6b6d7588bc8bca763fa8076dc137a738356fd553b5ba","2026-07-15"
"docs/refs/10_新仕様/52_Domain_Graph_DB経路実装仕様.md","Domain Graph DB 経路実装仕様","distill","candidate:legacy-spec-review","spec","worker,coder","local_only","","historical_or_uncertain","yes","現行仕様とcodeで再検証した要点だけを採用候補にする","b38125bb9aeda0d06c2c959378c0bcf12944a0d6c51715060eb87fc4e5b55036","2026-07-15"
"docs/refs/10_新仕様/53_Domain_Graph_Assertion一覧検索API実装仕様.md","Domain Graph Assertion 一覧検索 API 実装仕様","distill","candidate:legacy-spec-review","spec","worker,coder","local_only","","historical_or_uncertain","yes","現行仕様とcodeで再検証した要点だけを採用候補にする","0923a4ad754e9b1c4a5ccd2aa904ac50aefad8a11598cea5dc5ce0f927ae28e5","2026-07-15"
"docs/refs/10_新仕様/55_Domain_Graph_Assertion一覧検索API詳細実装仕様.md","Domain Graph Assertion 一覧検索 API 詳細実装仕様","distill","candidate:legacy-spec-review","spec","worker,coder","local_only","","historical_or_uncertain","yes","現行仕様とcodeで再検証した要点だけを採用候補にする","110c3e12e45fa326b6c918c8790f0f254edc3f1f13f4b6c11f3a24d91b8d322f","2026-07-15"
"docs/refs/10_新仕様/56_SourceRegistry_DomainGraph_Promote_UI実装仕様.md","Source Registry Domain Graph Promote UI 実装仕様","distill","candidate:legacy-spec-review","spec","worker,coder","local_only","","historical_or_uncertain","yes","現行仕様とcodeで再検証した要点だけを採用候補にする","bb1760c4f108fd2fc78b89bfdb55c4756a4ffc99f6090e4f2c101a42f5f6c324","2026-07-15"
"docs/refs/10_新仕様/57_DomainGraph_MovieAdapter_Work同期実装仕様.md","Domain Graph Movie Adapter Work 同期実装仕様","distill","candidate:legacy-spec-review","spec","worker,coder","local_only","","historical_or_uncertain","yes","現行仕様とcodeで再検証した要点だけを採用候補にする","3d5439479039a59837b636ba33e1d7fbbbb0187d7eadae48b6c9b60440aef00b","2026-07-15"
"docs/refs/10_新仕様/58_DomainGraph_MovieIDResolver実装仕様.md","Domain Graph Movie ID Resolver 実装仕様","distill","candidate:legacy-spec-review","spec","worker,coder","local_only","","historical_or_uncertain","yes","現行仕様とcodeで再検証した要点だけを採用候補にする","8c98dd98487e23ee706be38c509a1cad0c9c5c8164a48b0b2fcc0d7199757635","2026-07-15"
"docs/refs/10_新仕様/59_DomainGraph_MoviePeopleEdge同期実装仕様.md","Domain Graph Movie People Edge 同期実装仕様","distill","candidate:legacy-spec-review","spec","worker,coder","local_only","","historical_or_uncertain","yes","現行仕様とcodeで再検証した要点だけを採用候補にする","a57a2cc07d1fa9ec463ffcfeae4c94e63c6be2bb688b13f5799722acac3b389c","2026-07-15"
"docs/refs/10_新仕様/60_MovieTopicCandidates生成API実装仕様.md","Movie Topic Candidates 生成 API 実装仕様","distill","candidate:legacy-spec-review","spec","worker,coder","local_only","","historical_or_uncertain","yes","現行仕様とcodeで再検証した要点だけを採用候補にする","7829cc34783f8278e003fab84f0b25950b07bb8fc5364d95a54336f721de1b92","2026-07-15"
"docs/refs/10_新仕様/61_DomainGraph_OpsReadiness実装仕様.md","Domain Graph Ops Readiness 実装仕様","distill","candidate:legacy-spec-review","spec","worker,coder","local_only","","historical_or_uncertain","yes","現行仕様とcodeで再検証した要点だけを採用候補にする","da722cfeb1f59371097d0f8f5584a41940abe6c4c31663e625bc320ecedcfd0c","2026-07-15"
"docs/refs/10_新仕様/62_HobbyGraph_CommonDB_Bootstrap実装仕様.md","Hobby Graph Common DB Bootstrap 実装仕様","distill","candidate:legacy-spec-review","spec","worker,coder","local_only","","historical_or_uncertain","yes","現行仕様とcodeで再検証した要点だけを採用候補にする","4a962846d7d81610d3495f6e53af9874a3b281e8a1b320719858c9a52f40ac41","2026-07-15"
"docs/refs/10_新仕様/63_HobbyGraph_Interaction登録API実装仕様.md","Hobby Graph Interaction 登録 API 実装仕様","distill","candidate:legacy-spec-review","spec","worker,coder","local_only","","historical_or_uncertain","yes","現行仕様とcodeで再検証した要点だけを採用候補にする","408d76abd816e9fcd96c6dd1fdd4c566b02cbd678d9107e344f45f5939dc3878","2026-07-15"
"docs/refs/10_新仕様/64_HobbyGraph_Relation登録API実装仕様.md","Hobby Graph Relation 登録 API 実装仕様","distill","candidate:legacy-spec-review","spec","worker,coder","local_only","","historical_or_uncertain","yes","現行仕様とcodeで再検証した要点だけを採用候補にする","de6b102cd07c67ccabb0815eec5fa18defc69915f0ab6afa7f9900675e5b3715","2026-07-15"
"docs/refs/10_新仕様/65_HobbyGraph_TopicCandidates生成API実装仕様.md","Hobby Graph Topic Candidates 生成 API 実装仕様","distill","candidate:legacy-spec-review","spec","worker,coder","local_only","","historical_or_uncertain","yes","現行仕様とcodeで再検証した要点だけを採用候補にする","7a5f51a8c6d2cd5c7145d7d33f58e9ba80bbd718d207bd7714df31e716b6f734","2026-07-15"
"docs/refs/10_新仕様/66_DomainGraph_HobbyGraph同期API実装仕様.md","Domain Graph Hobby Graph 同期 API 実装仕様","distill","candidate:legacy-spec-review","spec","worker,coder","local_only","","historical_or_uncertain","yes","現行仕様とcodeで再検証した要点だけを採用候補にする","a0d6e0f275448fd16241aa406887779edc8545c8a8e9ca8632c6c53ee4efa4ae","2026-07-15"
"docs/refs/10_新仕様/67_HobbyGraph_Overview表示API_Ops実装仕様.md","Hobby Graph Overview 表示 API / Ops 実装仕様","distill","candidate:legacy-spec-review","spec","worker,coder","local_only","","historical_or_uncertain","yes","現行仕様とcodeで再検証した要点だけを採用候補にする","76c45322d28bcfa0a9d8a19717e26ddc0cd6a85c92f6c14ba8215356ff4aeaed","2026-07-15"
"docs/refs/10_新仕様/68_CoderLoop_Codex-like実装仕様.md","68 CoderLoop — Codex-like 多ターンエージェントループ実装仕様","distill","candidate:legacy-spec-review","spec","worker,coder","local_only","","historical_or_uncertain","yes","現行仕様とcodeで再検証した要点だけを採用候補にする","5a5728068c1b40004f95c50a66ed5427824661c5b765fe6c2e543fb378bd429b","2026-07-15"
"docs/refs/10_新仕様/69_SessionLog_DCI統合仕様.md","69 セッションログ + DCI統合仕様","distill","candidate:legacy-spec-review","spec","worker,coder","local_only","","historical_or_uncertain","yes","現行仕様とcodeで再検証した要点だけを採用候補にする","da9d87750811c56b3a53b0b5effa3db4b1cb1de9297bebf30456830113b8e208","2026-07-15"
"docs/refs/10_新仕様/70_RenCrow_Vision仕様.md","RenCrow_Vision 仕様","distill","candidate:legacy-spec-review","spec","worker,coder","local_only","","historical_or_uncertain","yes","現行仕様とcodeで再検証した要点だけを採用候補にする","1b965fee68f88ac50c4ebb21c9e98b8fc4e6c1b2eb0fa8f43ba72abb2558ee3a","2026-07-15"
"docs/refs/10_新仕様/71_Browser操作ツール仕様.md","Browser 操作ツール仕様","distill","candidate:legacy-spec-review","spec","worker,coder","local_only","","historical_or_uncertain","yes","現行仕様とcodeで再検証した要点だけを採用候補にする","34435c6baa5681e5f4c0a6ac6b0283baff092e39285d204f716ed18c9e580e99","2026-07-15"
"docs/refs/10_新仕様/72_Browser操作ツール実装仕様.md","Browser 操作ツール実装仕様","distill","candidate:legacy-spec-review","spec","worker,coder","local_only","","historical_or_uncertain","yes","現行仕様とcodeで再検証した要点だけを採用候補にする","b31a8552406cee5a131a39f6564893a784e505db49326efd267a659f52b35d28","2026-07-15"
"docs/refs/10_新仕様/73_STT高速化仕様.md","73 STT 高速化仕様","distill","candidate:legacy-spec-review","spec","worker,coder","local_only","","historical_or_uncertain","yes","現行仕様とcodeで再検証した要点だけを採用候補にする","33ad1d2e6ddf6dc729f32b7c3b35c7581177c560fde1240c83ef40e0f4a59cdd","2026-07-15"
"docs/refs/10_新仕様/74_Viewer音声直結LLM_Streaming仕様.md","74 Viewer 音声直結 LLM Streaming 仕様","distill","candidate:legacy-spec-review","spec","worker,coder","local_only","","historical_or_uncertain","yes","現行仕様とcodeで再検証した要点だけを採用候補にする","21b05baf5c0ca71512a4ba5b94d7cbdb218647648d4f3b668dc464d4665318cd","2026-07-15"
"docs/refs/10_新仕様/75_Viewer音声直結LLM_Streaming実装作業仕様.md","75 Viewer 音声直結 LLM Streaming 実装作業仕様","distill","candidate:legacy-spec-review","spec","worker,coder","local_only","","historical_or_uncertain","yes","現行仕様とcodeで再検証した要点だけを採用候補にする","751eecb008148eed9a0d786bfebe7ab52993dfb76047de95ceae67e8e7c6a3a9","2026-07-15"
"docs/refs/10_新仕様/76_RenCrow_LLM_VDS_Macデプロイ仕様.md","76 RenCrow_LLM VDS — Mac デプロイ仕様（索引）","distill","candidate:legacy-spec-review","spec","worker,coder","local_only","","historical_or_uncertain","yes","現行仕様とcodeで再検証した要点だけを採用候補にする","4395824653fbf0addd24aa5592ed85b766a4256a3c35517f79501c9c6cf9d3c3","2026-07-15"
"docs/refs/10_新仕様/77_STT音声_LLM音声_命名と経路仕様.md","77 STT音声 / LLM音声 命名と経路仕様","distill","candidate:legacy-spec-review","spec","worker,coder","local_only","","historical_or_uncertain","yes","現行仕様とcodeで再検証した要点だけを採用候補にする","7927e4d2911141e128ccd748debe793f36e8457a0be4435ed0495c2005c48394","2026-07-15"
"docs/refs/10_新仕様/79_LLM音声_発話区間判定仕様.md","79 LLM音声 発話区間判定仕様","distill","candidate:legacy-spec-review","spec","worker,coder","local_only","","historical_or_uncertain","yes","現行仕様とcodeで再検証した要点だけを採用候補にする","56cdf2587f945dfc0f50e51defd8c8268ccb04a3a634d1027e95f3c2b1509b59","2026-07-15"
"docs/refs/10_新仕様/80_音声入力_同期非同期境界仕様.md","80 音声入力 同期 / 非同期境界仕様","distill","candidate:legacy-spec-review","spec","worker,coder","local_only","","historical_or_uncertain","yes","現行仕様とcodeで再検証した要点だけを採用候補にする","0202655cbaa83e2624090debf9689823d89ecdc16ed3c0ac9c0b1e6dfe0cf512","2026-07-15"
"docs/refs/10_新仕様/81_音声入力_同期非同期境界実装仕様.md","81 音声入力 同期 / 非同期境界 実装仕様","distill","candidate:legacy-spec-review","spec","worker,coder","local_only","","historical_or_uncertain","yes","現行仕様とcodeで再検証した要点だけを採用候補にする","6223f3d217179ace27f10886e55af6fccb585cac60ce63a94f3fe1193acf416e","2026-07-15"
"docs/refs/10_新仕様/82_Claude_Code指示配置ガバナンス仕様.md","Claude Code 指示配置ガバナンス仕様","distill","candidate:legacy-spec-review","spec","worker,coder","local_only","","historical_or_uncertain","yes","現行仕様とcodeで再検証した要点だけを採用候補にする","a26df392d51f5abd9335b2deaa9b3b6a6cb81eabac66878668c7e96462167be1","2026-07-15"
"docs/refs/10_新仕様/83_空き時間ジョブ実行基盤仕様.md","空き時間ジョブ実行基盤仕様","distill","candidate:legacy-spec-review","spec","worker,coder","local_only","","historical_or_uncertain","yes","現行仕様とcodeで再検証した要点だけを採用候補にする","72831ae67c04c3485cc58bbc564210e5bbf8aba9fb7c49f1ef4a3da1da1205c2","2026-07-15"
"docs/refs/10_新仕様/84_Subagent_Arena評価ループ仕様.md","Subagent Arena 評価ループ仕様","distill","candidate:legacy-spec-review","spec","worker,coder","local_only","","historical_or_uncertain","yes","現行仕様とcodeで再検証した要点だけを採用候補にする","efe705cc4e87b5e1ec424dcc848b5c01eafb1969525497f49a69bcce45e1f759","2026-07-15"
"docs/refs/10_新仕様/86_Search_Discovery_Browse_Evidence分離仕様.md","Search Discovery / Browse Evidence 分離仕様","distill","candidate:legacy-spec-review","spec","worker,coder","local_only","","historical_or_uncertain","yes","現行仕様とcodeで再検証した要点だけを採用候補にする","04006c1e01ecf2477593c627b750be215a58f638fa51db18bb599ed68d712d45","2026-07-15"
"docs/refs/10_新仕様/87_Local_Social_Archive_Memory仕様.md","Local Social Archive Memory 仕様","distill","candidate:legacy-spec-review","spec","worker,coder","local_only","","historical_or_uncertain","yes","現行仕様とcodeで再検証した要点だけを採用候補にする","5585ce886a64b73ecde4e41fe438cc9a317a430e68bb4cbdc485e1804e972f61","2026-07-15"
"docs/refs/10_新仕様/88_Lumina_Bridge仕様.md","Lumina Bridge 仕様","distill","candidate:legacy-spec-review","spec","worker,coder","local_only","","historical_or_uncertain","yes","現行仕様とcodeで再検証した要点だけを採用候補にする","cbd8cc676c8983b0ae1c974b83385ca7d475e7572287ffea7cfdb35902c5b647","2026-07-15"
"docs/refs/10_新仕様/89_RenCrow_Knowledge_Wiki運用仕様.md","RenCrow Knowledge Wiki 運用仕様","distill","candidate:legacy-spec-review","spec","worker,coder","local_only","","historical_or_uncertain","yes","現行仕様とcodeで再検証した要点だけを採用候補にする","33466782cf497fc7f44cc790cef4370d372e6a0676717048942b18b400db9c63","2026-07-15"
"docs/refs/10_新仕様/90_Runtime_Topology_Config仕様.md","Runtime Topology Config 仕様","distill","candidate:legacy-spec-review","spec","worker,coder","local_only","","historical_or_uncertain","yes","現行仕様とcodeで再検証した要点だけを採用候補にする","8ed02a9a850e4161b54a7306f800cfa3da859ee96fa1924139e25cb94e4e61ff","2026-07-15"
"docs/refs/LLM運用/LLM/LLM仕様.md","LLM 仕様","distill","candidate:legacy-spec-review","spec","worker,coder","local_only","","historical_or_uncertain","yes","現行仕様とcodeで再検証した要点だけを採用候補にする","2f1bf853a26d56b22e866b362ae4c958d09a227688cefbb729d335b6c34c12c5","2026-07-15"
"docs/refs/LLM運用/LLM/PromptBundle仕様.md","Prompt Bundle 仕様","distill","candidate:legacy-spec-review","spec","worker,coder","local_only","","historical_or_uncertain","yes","現行仕様とcodeで再検証した要点だけを採用候補にする","93ed9d3e0cac14dc4ca6b4e44b55ca982fb7a1ec805a057a92327b48bca9f44b","2026-07-15"
"docs/refs/LLM運用/LLM/思考プロンプト自動適用システム仕様.md","思考プロンプト自動適用システム仕様","distill","candidate:legacy-spec-review","spec","worker,coder","local_only","","historical_or_uncertain","yes","現行仕様とcodeで再検証した要点だけを採用候補にする","6c004b9543801acc5fbcffc27540d1b341fdd0b4aa0cc0396d16bb29c5056d94","2026-07-15"
"docs/refs/LLM運用/サーバとクライアント/LLMメモリ監視API仕様.md","RenCrow向け LLMメモリ監視API仕様","distill","candidate:legacy-spec-review","spec","worker,coder","local_only","","historical_or_uncertain","yes","現行仕様とcodeで再検証した要点だけを採用候補にする","6460f7164dd3fed30f0e4e5c5047c3e8ed84f07653d1cf532c832de6c3afc1b4","2026-07-15"
"docs/refs/LLM運用/サーバとクライアント/LLM切り替え仕様.md","LLM 切り替え仕様","distill","candidate:legacy-spec-review","spec","worker,coder","local_only","","historical_or_uncertain","yes","現行仕様とcodeで再検証した要点だけを採用候補にする","9157f1044ce65ea0c34964009bfe211edb48f16fcdce2c267861f602d074b80f","2026-07-15"
"docs/refs/LLM運用/サーバとクライアント/MLX運用デーモン仕様.md","MLX 運用デーモン（Chat / Worker 常駐）","distill","candidate:legacy-spec-review","spec","worker,coder","local_only","","historical_or_uncertain","yes","現行仕様とcodeで再検証した要点だけを採用候補にする","6e5c7569a546d055a585c15472b99e918980d771dc14d2eb39f7475e148c4a8e","2026-07-15"
"docs/refs/LLM運用/サーバとクライアント/OpenAI互換API仕様.md","RenCrow OpenAI-Compatible MLX API","distill","candidate:legacy-spec-review","spec","worker,coder","local_only","","historical_or_uncertain","yes","現行仕様とcodeで再検証した要点だけを採用候補にする","731a63fcd69569305c3bce2b4d75ff205c5aedba19bae3ea2c1a761ac4c2d45f","2026-07-15"
"docs/refs/LLM運用/サーバとクライアント/Viewer_LLM_Ops_Status仕様.md","LLM Ops `/v1/status` クライアント仕様（RenCrow Viewer向け）","distill","candidate:legacy-spec-review","spec","worker,coder","local_only","","historical_or_uncertain","yes","現行仕様とcodeで再検証した要点だけを採用候補にする","b7f4121ec66abd930b5ecf520c7bfb90a8f0722ed16e806b704c1a6410cecb8f","2026-07-15"
"docs/refs/LLM運用/サーバとクライアント/管理API_起動再起動仕様.md","クライアント用 LLM 起動・再起動仕様","distill","candidate:legacy-spec-review","spec","worker,coder","local_only","","historical_or_uncertain","yes","現行仕様とcodeで再検証した要点だけを採用候補にする","a2e6ccbac6559aadb60741feac0b310bb8c2bf1f9ffa5c575a38f4ca082cdb36","2026-07-15"
"docs/refs/STT_TTS/AUDIO_Client仕様/STT/CLIENT_TDD仕様.md","Client TDD仕様（RenCrow_STT）","distill","candidate:legacy-spec-review","spec","worker,coder","local_only","","historical_or_uncertain","yes","現行仕様とcodeで再検証した要点だけを採用候補にする","5e123f17ab5b57c06501ea89e1b533d3b690db114a7a7a359465df1f9bb2369a","2026-07-15"
"docs/refs/STT_TTS/AUDIO_Client仕様/STT/chat_stt_request_20260426/03_STT仕様.md","RenCrow_STT 仕様要点（運用・責務）","distill","candidate:legacy-spec-review","spec","worker,coder","local_only","","historical_or_uncertain","yes","現行仕様とcodeで再検証した要点だけを採用候補にする","df4946cdc185ba9e428ca853a5d7791dd5b8abf388399baba80529c369891601","2026-07-15"
"docs/refs/STT_TTS/AUDIO_Client仕様/STT/仕様.md","RenCrow_STT 仕様（AUDIO_Client向け）","distill","candidate:legacy-spec-review","spec","worker,coder","local_only","","historical_or_uncertain","yes","現行仕様とcodeで再検証した要点だけを採用候補にする","a741b06a22d593014d4cbd954f1a345573e5e71e443e8a5f4cf564ec9a89de7b","2026-07-15"
"docs/refs/STT_TTS/AUDIO_Client仕様/STT/実装仕様.md","RenCrow_STT 実装仕様（AUDIO_Client向け）","distill","candidate:legacy-spec-review","spec","worker,coder","local_only","","historical_or_uncertain","yes","現行仕様とcodeで再検証した要点だけを採用候補にする","cc81ef09243d6f8163e71f0b31c82543179d8228cb54d41ad26fd30ff5aeb66c","2026-07-15"
"docs/refs/STT_TTS/AUDIO_Client仕様/TTS/ChatAudioSync仕様.md","ChatAudioSync 仕様","distill","candidate:legacy-spec-review","spec","worker,coder","local_only","","historical_or_uncertain","yes","現行仕様とcodeで再検証した要点だけを採用候補にする","56699a918888a93b22d702673779ddab8ac4aa5f41f8c4c2c4d04b7eed0053e1","2026-07-15"
"docs/refs/STT_TTS/AUDIO_Client仕様/TTS/handover/chat_tts_request_20260426/03_TTS仕様.md","TTS仕様（AUDIO_Server仕様）","distill","candidate:legacy-spec-review","spec","worker,coder","local_only","","historical_or_uncertain","yes","現行仕様とcodeで再検証した要点だけを採用候補にする","0f296783ca3e7ff59eaead79a58a1f3098b7a745de26fbe8a03096105c42e927","2026-07-15"
"docs/refs/STT_TTS/AUDIO_Client仕様/TTS/仕様.md","TTS 仕様（正本エントリ）","distill","candidate:legacy-spec-review","spec","worker,coder","local_only","","historical_or_uncertain","yes","現行仕様とcodeで再検証した要点だけを採用候補にする","ad3ce5c763eb9d3986a0ae9f1fbe60eaebbaabad8526c387f3717b01fe2e9228","2026-07-15"
"docs/refs/STT_TTS/AUDIO_Client仕様/TTS/実装仕様.md","TTS 実装仕様（正本）","distill","candidate:legacy-spec-review","spec","worker,coder","local_only","","historical_or_uncertain","yes","現行仕様とcodeで再検証した要点だけを採用候補にする","2812d9460ffd6e171a6a06499fdb15de80200be27db99b34eab040db07df96ea","2026-07-15"
"docs/refs/STT_TTS/AUDIO_Server仕様/STT/STT_ノイズ抑制・誤り訂正仕様.md","STT_ノイズ抑制・誤り訂正仕様（AUDIO_Server仕様）","distill","candidate:legacy-spec-review","spec","worker,coder","local_only","","historical_or_uncertain","yes","現行仕様とcodeで再検証した要点だけを採用候補にする","bab9898d2b147594e0d64db9daca507a262196856eba6901e1d8846bc99f4ba4","2026-07-15"
"docs/refs/STT_TTS/AUDIO_Server仕様/STT/STT仕様.md","STT仕様（AUDIO_Server仕様）","distill","candidate:legacy-spec-review","spec","worker,coder","local_only","","historical_or_uncertain","yes","現行仕様とcodeで再検証した要点だけを採用候補にする","82f2300aff57b2a76196b73d37873bd2ae7ddf035c57fa132f236d09bbceca21","2026-07-15"
"docs/refs/STT_TTS/AUDIO_Server仕様/STT/STT実装仕様.md","STT実装仕様（AUDIO_Server仕様）","distill","candidate:legacy-spec-review","spec","worker,coder","local_only","","historical_or_uncertain","yes","現行仕様とcodeで再検証した要点だけを採用候補にする","0ca20972866956c13eda35b21a986816a36d6e137359629794ac841f1660dcee","2026-07-15"
"docs/refs/STT_TTS/AUDIO_Server仕様/TTS/TTS仕様.md","TTS仕様（AUDIO_Server仕様）","distill","candidate:legacy-spec-review","spec","worker,coder","local_only","","historical_or_uncertain","yes","現行仕様とcodeで再検証した要点だけを採用候補にする","a4d063c3243d8dae067fdaa24518f7a6d425348869406baa572cd8e6aefad8c7","2026-07-15"
"docs/refs/STT_TTS/AUDIO_Server仕様/TTS/TTS実装仕様.md","TTS実装仕様（AUDIO_Server仕様）","distill","candidate:legacy-spec-review","spec","worker,coder","local_only","","historical_or_uncertain","yes","現行仕様とcodeで再検証した要点だけを採用候補にする","a2ce25aa4fc13e1399c557af6a615a2dd802ebf23f41f1a50518aad067a40f57","2026-07-15"
"docs/refs/STT_TTS/IrodoriTTS_HTTP_API仕様.md","Irodori-TTS HTTP API Specification","distill","candidate:legacy-spec-review","spec","worker,coder","local_only","","historical_or_uncertain","yes","現行仕様とcodeで再検証した要点だけを採用候補にする","0763139f89cd3d3a86ba1f588bc1956f4c33f54daadacc6c8d762bbe2f0f16c3","2026-07-15"
"docs/refs/STT_TTS/IrodoriTTS_Worker仕様.md","IrodoriTTS Worker 仕様書","distill","candidate:legacy-spec-review","spec","worker,coder","local_only","","historical_or_uncertain","yes","現行仕様とcodeで再検証した要点だけを採用候補にする","29ebeb2c7a32c8774a123922c5ae6abeaffad4c2d4a221ef431f4fd73fa7332b","2026-07-15"
"docs/refs/STT_TTS/MacBook207_STT管理仕様.md","MacBook207 STT 管理仕様","distill","candidate:legacy-spec-review","spec","worker,coder","local_only","","historical_or_uncertain","yes","現行仕様とcodeで再検証した要点だけを採用候補にする","d6a71f7193df828eeb8153a685df9d4a37045b6d572e96b3d5dddd4c8c316e55","2026-07-15"
"docs/refs/STT_TTS/RenCrow_TTS_仕様.md","RenCrow_TTS 仕様","distill","candidate:legacy-spec-review","spec","worker,coder","local_only","","historical_or_uncertain","yes","現行仕様とcodeで再検証した要点だけを採用候補にする","bd547baf0aec7caf461aae4f72162f2d1f118b819e370008e451bccd757798e9","2026-07-15"
"docs/refs/STT_TTS/SBV2_サーバ仕様.md","SBV2 TTSサーバ 利用仕様","distill","candidate:legacy-spec-review","spec","worker,coder","local_only","","historical_or_uncertain","yes","現行仕様とcodeで再検証した要点だけを採用候補にする","e4590ecded741845ffe6e2c63e2aef2a383f1df2d927c41bba70453df85a3fef","2026-07-15"
"docs/refs/STT_TTS/SST仕様.md","RenCrow Mac向け低遅延STT仕様  ","distill","candidate:legacy-spec-review","spec","worker,coder","local_only","","historical_or_uncertain","yes","現行仕様とcodeで再検証した要点だけを採用候補にする","263b3221c1e25588515e95ab0a951da9f05a973e6197feba544c0f44c7ab23c4","2026-07-15"
"docs/refs/STT_TTS/STT_Finalizer仕様.md","STT Finalizer仕様","distill","candidate:legacy-spec-review","spec","worker,coder","local_only","","historical_or_uncertain","yes","現行仕様とcodeで再検証した要点だけを採用候補にする","6524e6d9445e727d9e6c5c15155d9584d4cf34bb9cd5de37f418ca26b2a4e41d","2026-07-15"
"docs/refs/STT_TTS/STT_Remote_HTTPS仕様.md","RenCrow STT Remote HTTPS 利用仕様","distill","candidate:legacy-spec-review","spec","worker,coder","local_only","","historical_or_uncertain","yes","現行仕様とcodeで再検証した要点だけを採用候補にする","38f5956fa9dd49ee733a72141755303dc66a3f3ee013e08082a72c17941eb99a","2026-07-15"
"docs/refs/STT_TTS/STT_Streaming_Client仕様.md","RenCrow STT Streaming Client 仕様","distill","candidate:legacy-spec-review","spec","worker,coder","local_only","","historical_or_uncertain","yes","現行仕様とcodeで再検証した要点だけを採用候補にする","d95a0b13e174b3f1baad68467f576098466549ed3e202a24b039fdd783b6036c","2026-07-15"
"docs/refs/STT_TTS/STT_ゴールデンテストデータセット仕様.md","STT ゴールデンテストデータセット仕様","distill","candidate:legacy-spec-review","spec","worker,coder","local_only","","historical_or_uncertain","yes","現行仕様とcodeで再検証した要点だけを採用候補にする","dc4fb645d08d0f4e09a0b466be25354d9bd24d9e6ff15a3d3a731d08e31968cd","2026-07-15"
"docs/refs/STT_TTS/tmp/AUDIO_Client仕様/STT/STT_ノイズ抑制・誤り訂正仕様.md","STT_ノイズ抑制・誤り訂正仕様（AUDIO_Client仕様）","distill","candidate:legacy-spec-review","spec","worker,coder","local_only","","historical_or_uncertain","yes","現行仕様とcodeで再検証した要点だけを採用候補にする","1749b2e1a43272e3e4f1f5ab9f7c2985d3bda33bf6ba0a50d953b7bc2e9109b7","2026-07-15"
"docs/refs/STT_TTS/tmp/AUDIO_Client仕様/STT/STT仕様.md","STT仕様（AUDIO_Client仕様）","distill","candidate:legacy-spec-review","spec","worker,coder","local_only","","historical_or_uncertain","yes","現行仕様とcodeで再検証した要点だけを採用候補にする","1731af196ac0803073d0a0a9e360547bf743612bab0cf349ff6e3e00997dcdb8","2026-07-15"
"docs/refs/STT_TTS/tmp/AUDIO_Client仕様/TTS/TTS仕様.md","TTS仕様（AUDIO_Client仕様）","distill","candidate:legacy-spec-review","spec","worker,coder","local_only","","historical_or_uncertain","yes","現行仕様とcodeで再検証した要点だけを採用候補にする","5c29cdd697e673a5c4650e15a69e2a63dc5a1ef37488bdb37fdc89160331a854","2026-07-15"
"docs/refs/STT_TTS/tmp/AUDIO_Server仕様/STT/STT_Client-Serverリクエスト実装仕様.md","STT Client-Serverリクエスト実装仕様（AUDIO_Client仕様）","distill","candidate:legacy-spec-review","spec","worker,coder","local_only","","historical_or_uncertain","yes","現行仕様とcodeで再検証した要点だけを採用候補にする","f86297f1746d55362b050d6434f9f92ee3844604cae6230edbfcf621ace3d50c","2026-07-15"
"docs/refs/STT_TTS/tmp/AUDIO_Server仕様/STT/STT_ノイズ抑制・誤り訂正仕様.md","STT_ノイズ抑制・誤り訂正仕様（AUDIO_Server仕様）","distill","candidate:legacy-spec-review","spec","worker,coder","local_only","","historical_or_uncertain","yes","現行仕様とcodeで再検証した要点だけを採用候補にする","bab9898d2b147594e0d64db9daca507a262196856eba6901e1d8846bc99f4ba4","2026-07-15"
"docs/refs/STT_TTS/tmp/AUDIO_Server仕様/STT/STT仕様.md","STT仕様（AUDIO_Server仕様）","distill","candidate:legacy-spec-review","spec","worker,coder","local_only","","historical_or_uncertain","yes","現行仕様とcodeで再検証した要点だけを採用候補にする","82f2300aff57b2a76196b73d37873bd2ae7ddf035c57fa132f236d09bbceca21","2026-07-15"
"docs/refs/STT_TTS/tmp/AUDIO_Server仕様/STT/STT実装仕様.md","STT実装仕様（AUDIO_Server仕様）","distill","candidate:legacy-spec-review","spec","worker,coder","local_only","","historical_or_uncertain","yes","現行仕様とcodeで再検証した要点だけを採用候補にする","eb96c3d375b845a7a5ba7b8628e0258f8f0d501fc1d8cd75da11b31ce44c7739","2026-07-15"
"docs/refs/STT_TTS/tmp/AUDIO_Server仕様/TTS/TTS仕様.md","TTS仕様（AUDIO_Server仕様）","distill","candidate:legacy-spec-review","spec","worker,coder","local_only","","historical_or_uncertain","yes","現行仕様とcodeで再検証した要点だけを採用候補にする","4def78cdbc117842abb962b43cf303413332e9e5768a4288d47e42cf0e0d0c65","2026-07-15"
"docs/refs/STT_TTS/tmp/AUDIO_Server仕様/TTS/TTS実装仕様.md","TTS実装仕様（AUDIO_Server仕様）","distill","candidate:legacy-spec-review","spec","worker,coder","local_only","","historical_or_uncertain","yes","現行仕様とcodeで再検証した要点だけを採用候補にする","11b017115495161359ccce6ce8e9488ad4c908e9d632f489d47ba657810567da","2026-07-15"
"docs/refs/株式/10_執行アルゴリズム設計.md","10_執行アルゴリズム設計.md","distill","candidate:legacy-spec-review","spec","worker,coder","local_only","","historical_or_uncertain","yes","現行仕様とcodeで再検証した要点だけを採用候補にする","9b745ff9cc10b88686ecd0e98a903402ead6adf98a213b632ec5657670f03722","2026-07-15"
"docs/調査/20260715_170940_RenCrow_CORE_codebase-map/アーキテクチャ総合.md","RenCrow_CORE アーキテクチャ総合","distill","candidate:architecture-evidence","module","worker,coder","local_only","docs/調査/20260715_170940_RenCrow_CORE_codebase-map/アーキテクチャ総合.md","snapshot","yes","現行codeで再検証し、ownershipと結合点だけを蒸留する","6d0b8a9105322f4d872cb22c322f51ed05f490ad285615c53c71457bc3caa765","2026-07-15"
"docs/調査/20260715_170940_RenCrow_CORE_codebase-map/ギャップ分析.md","RenCrow_CORE ギャップ分析","distill","candidate:architecture-evidence","module","worker,coder","local_only","docs/調査/20260715_170940_RenCrow_CORE_codebase-map/ギャップ分析.md","snapshot","yes","現行codeで再検証し、ownershipと結合点だけを蒸留する","55061159e4878dbde23b2a4733f63c0c6247aaff55ee4c54c18631715a8a66b5","2026-07-15"
"docs/調査/20260715_170940_RenCrow_CORE_codebase-map/トレーサビリティマトリクス.md","RenCrow_CORE トレーサビリティマトリクス","distill","candidate:architecture-evidence","module","worker,coder","local_only","docs/調査/20260715_170940_RenCrow_CORE_codebase-map/トレーサビリティマトリクス.md","snapshot","yes","現行codeで再検証し、ownershipと結合点だけを蒸留する","04769c0b0986b93f3290ab1282e8001c4b97406974fce6ba68e3707fa4aa60e1","2026-07-15"
"docs/調査/20260715_170940_RenCrow_CORE_codebase-map/ユースケース逆引き.md","RenCrow_CORE ユースケース逆引き","distill","candidate:architecture-evidence","module","worker,coder","local_only","docs/調査/20260715_170940_RenCrow_CORE_codebase-map/ユースケース逆引き.md","snapshot","yes","現行codeで再検証し、ownershipと結合点だけを蒸留する","81e6ab230078cfe5737618acfacc248c28884292ced4e3e02b36262dd64dbf2f","2026-07-15"
"docs/調査/20260715_170940_RenCrow_CORE_codebase-map/リスク分析.md","RenCrow_CORE リスク分析","distill","candidate:architecture-evidence","module","worker,coder","local_only","docs/調査/20260715_170940_RenCrow_CORE_codebase-map/リスク分析.md","snapshot","yes","現行codeで再検証し、ownershipと結合点だけを蒸留する","1b2020ab4bbc4f78d2cbdd2fa6331f007fe34422000febc06f43f1f0f767f631","2026-07-15"
"docs/調査/20260715_170940_RenCrow_CORE_codebase-map/結合ポイントマップ.md","RenCrow_CORE 結合ポイントマップ","distill","candidate:architecture-evidence","module","worker,coder","local_only","docs/調査/20260715_170940_RenCrow_CORE_codebase-map/結合ポイントマップ.md","snapshot","yes","現行codeで再検証し、ownershipと結合点だけを蒸留する","32b917a758093ed3df8e22b06c6f8a3d23d82a7ec19bfe71949cbb33be865488","2026-07-15"
"docs/調査/20260715_173541_RenCrow_CORE_仕様再整理/01_最新の全体仕様.md","最新の全体仕様","distill","candidate:verified-current-state","spec","worker,coder","local_only","docs/調査/20260715_173541_RenCrow_CORE_仕様再整理/01_最新の全体仕様.md","verified_snapshot","yes","2026-07-15検証済み分類から、最新状態の要点だけを蒸留する","1c5c0bd2b33877cbc947b8a17ac7f61290f7f666f1292c7ff494179a8d696836","2026-07-15"
"docs/調査/20260715_173541_RenCrow_CORE_仕様再整理/02_実装済み仕様.md","実装済み仕様","distill","candidate:verified-current-state","spec","worker,coder","local_only","docs/調査/20260715_173541_RenCrow_CORE_仕様再整理/02_実装済み仕様.md","verified_snapshot","yes","2026-07-15検証済み分類から、最新状態の要点だけを蒸留する","30051a8215c5c30a5da3b00c1b112c353f2a38a821a400a2caca27841a5225eb","2026-07-15"
"docs/調査/20260715_173541_RenCrow_CORE_仕様再整理/03_未実装仕様.md","未実装仕様","distill","candidate:verified-current-state","spec","worker,coder","local_only","docs/調査/20260715_173541_RenCrow_CORE_仕様再整理/03_未実装仕様.md","verified_snapshot","yes","2026-07-15検証済み分類から、最新状態の要点だけを蒸留する","c3efc968af0dacf3e61734f4f15d5892a3d133295211788feb1c87ab09e3e51b","2026-07-15"
"docs/調査/20260715_173541_RenCrow_CORE_仕様再整理/04_古い仕様・不採用・要再確認.md","古い仕様・不採用・要再確認","distill","candidate:verified-current-state","spec","worker,coder","local_only","docs/調査/20260715_173541_RenCrow_CORE_仕様再整理/04_古い仕様・不採用・要再確認.md","verified_snapshot","yes","2026-07-15検証済み分類から、最新状態の要点だけを蒸留する","20ffb942275eb8b06dd34aca92f1c8c958b80d735aa375b055f2c2652e5ea557","2026-07-15"
